"","name","dist_to_infest_km","summer_mean_temp","summer_max_temp","min_hardness","max_hardness","surface_area_km","min_Ca","max_Ca","avg_Ca","min_pH","max_pH","avg_pH","infest_status","mean_sum_temp_threshold","pH_threshold","hardness_threshold","calcium_threshold","dist_threshold_km","overall_risk","overall_risk_nodist","infestation"
"1","Aberdeen Lake",101.2988108,26.68549983,33.03440094,45,119,10.54225138,12.96861362,18.2776165,13.48175696,6.61397934,6.883047581,6.668375268,0,"High","Moderate","High","High","Moderate","Moderate","Moderate","Not infested"
"2","Abiquiu Reservoir",265.9200626,21.68296623,31.7016983,45,119,16.71244713,39.65467453,67.51635742,67.11640851,8.199846268,8.292733192,8.240697965,0,"High","High","High","High","Low","Low","High","Not infested"
"3","Alamo Lake",615.9159505,33.10053253,43.00359726,225,325,54.36584527,36.32072449,46.29324341,38.15524691,8.191953659,8.289861679,8.263878912,0,"Low","High","High","High","Low","Low","Low","Not infested"
"4","Aliceville Lake",57.49435055,26.99829928,33.36769867,45,119,22.0383943,13.71519375,25.04576683,19.36270896,6.371544361,7.052739143,6.818055265,0,"High","Moderate","High","High","Moderate","Moderate","Moderate","Not infested"
"5","Allegheny Reservoir",12.75499036,18.46999931,25.5291996,45,119,85.76120659,9.900101662,35.6408577,17.97589763,7.215603352,7.594044685,7.443819339,0,"High","High","High","High","High","High","High","Not infested"
"6","Almond Lake",41.8630443,19.06476593,27.1208992,45,119,0.556704345,48.9887619,48.9887619,48.9887619,8.235740662,8.235740662,8.235740662,0,"High","High","High","High","High","High","High","Not infested"
"7","Alum Creek Lake",6.797171583,22.63476563,29.07329941,225,325,12.96547855,45.04398727,113.4956818,55.51142275,7.881531239,7.954652309,7.945551375,1,"High","High","High","High","High","High","High","Infested"
"8","Applegate Lake",594.9544627,19.86616643,31.25209999,45,119,3.843300608,17.7390995,19.10346413,18.85376811,7.822360039,7.889538288,7.83465451,0,"High","High","High","High","Low","Low","High","Not infested"
"9","Aquilla Lake",36.42390069,28.71573257,35.90979767,119,225,12.25771299,58.06983566,92.17417908,73.87075716,8.044807434,8.092736244,8.071042608,0,"High","High","High","High","High","High","High","Not infested"
"10","Arcadia Lake",16.64368576,27.18289884,34.53669739,225,325,7.031580115,65.10034943,69.45298004,65.40395643,7.966937065,8.011731148,8.008606647,0,"High","High","High","High","High","High","High","Not infested"
"11","Arkabutla Lake",30.42717823,26.61343257,32.60099792,45,119,40.06692168,17.07372856,20.23486328,18.76194185,6.588224411,6.885361671,6.72480054,0,"High","Moderate","High","High","High","Moderate","Moderate","Not infested"
"12","Arkansas River Pool  3",25.87561088,27.01529948,32.96889877,45,119,15.36909271,22.42024422,25.65960884,24.28294721,7.152515411,7.24937582,7.187591008,1,"High","Moderate","High","High","High","Moderate","Moderate","Infested"
"13","Arkansas River Pool  4",0.169103496,26.99123255,32.95610046,45,119,23.84812225,16.45135307,30.21187782,23.58537554,6.942503452,7.152515411,7.042056863,0,"High","Moderate","High","High","High","Moderate","Moderate","Not infested"
"14","Arkansas River Pool  5",0.803766137,26.85413297,32.91439819,45,119,24.17030291,22.68671608,30.08481979,26.87375944,6.982968807,7.145112038,7.057251168,1,"High","Moderate","High","High","High","Moderate","Moderate","Infested"
"15","Arkansas River Pool  6",0.10546352,26.89906565,33.27280045,21,119,17.23867117,13.31883717,27.91246414,17.14665226,6.798906803,7.108498573,6.90715481,1,"High","Moderate","High","High","High","Moderate","Moderate","Infested"
"16","Arkansas River Pool  7",0.056553947,26.78259913,33.59320068,4.76,450,29.95247387,5.534666061,23.0891819,8.874846971,6.308751583,6.827894688,6.449412722,1,"High","Moderate","High","High","High","Moderate","Moderate","Infested"
"17","Arkansas River Pool  8",16.55506977,26.5955658,33.61999893,24,650,14.53751517,23.0891819,27.41680527,25.2078307,6.785571098,6.959589958,6.861797484,1,"High","Moderate","High","High","High","Moderate","Moderate","Infested"
"18","Arkansas River Pool  9",0.024199189,26.46699905,33.37669754,14,690,21.48482343,9.922764778,27.41680527,16.34767122,6.836499691,6.985025883,6.938207932,1,"High","Moderate","High","High","High","Moderate","Moderate","Infested"
"19","Arkansas River Pool 13",19.82876622,26.99063238,33.96669769,45,119,22.14231559,18.90974617,34.24425507,30.53123979,7.166600227,7.363322258,7.316390346,1,"High","Moderate","High","High","High","Moderate","Moderate","Infested"
"20","Atwood Lake",31.92300615,21.76920001,28.79430008,119,225,6.134206888,36.60009766,60.55041122,53.08853551,7.591750145,7.761598587,7.681729012,0,"High","High","High","High","High","High","High","Not infested"
"21","Aylesworth Creek Lake",44.28134247,19.96413294,27.2186985,45,119,0.029968691,15.23013401,15.23013401,15.23013401,7.332320213,7.332320213,7.332320213,0,"High","Moderate","High","High","High","Moderate","Moderate","Not infested"
"22","B. Everett Jordan Lake",157.7325085,25.31639926,32.38539886,21,45,57.9723002,7.617372513,19.91162491,8.859915447,6.940645695,7.473585606,7.345390773,0,"High","High","Moderate","High","Low","Low","Moderate","Not infested"
"23","Ball Mountain Lake",45.52091332,18.76956685,26.45170021,45,119,0.081031571,2.774893284,2.774893284,2.774893284,6.993878841,6.993878841,6.993878841,0,"High","Moderate","High","Low","High","Low","Low","Not infested"
"24","Bankhead Lake",11.97247734,26.42243258,33.12409973,45,225,31.81789362,13.41657162,64.35148621,35.1129719,7.296964169,7.631564617,7.407191253,1,"High","High","High","High","High","High","High","Infested"
"25","Bardwell Lake",60.5820072,28.46213214,35.7519989,119,225,13.10937043,51.54101944,51.84828186,51.66654982,7.987400532,8.02073288,8.007115131,0,"High","High","High","High","Moderate","Moderate","High","Not infested"
"26","Barren River Lake",62.80143326,24.96566582,31.89099884,45,119,39.63916202,39.12268829,57.24777985,49.24990535,7.710074902,7.834814548,7.740699542,0,"High","High","High","High","Moderate","Moderate","High","Not infested"
"27","Bay Springs Lake and Divide Cut",7.706994538,25.43073273,31.94929886,45,119,39.4994492,6.26993084,13.70281982,10.70437687,6.005475521,6.836452007,6.6775033,0,"High","Moderate","High","Moderate","High","Moderate","Moderate","Not infested"
"28","Bayou Bodcau Reservoir",183.1734672,27.85829926,34.23089981,45,119,0.417944789,14.55307102,14.55307102,14.55307102,6.886933327,6.886933327,6.886933327,0,"High","Moderate","High","Moderate","Low","Low","Moderate","Not infested"
"29","Beach City Lake",36.22244876,21.68073273,28.54559898,119,225,0.317898014,84.94635773,84.94635773,84.94635773,7.730463505,7.730463505,7.730463505,0,"High","High","High","High","High","High","High","Not infested"
"30","Bear Creek Lake",85.24745347,21.38709958,31.1378994,119,325,4.635378914,40.80997849,70.47402191,46.8266878,7.969647408,7.997066975,7.975208873,0,"High","High","High","High","Moderate","Moderate","High","Not infested"
"31","Beaver Lake",67.72087248,24.99369939,31.74679947,45,119,116.8513977,24.01663971,66.37355804,30.09636283,7.472200871,7.734276295,7.571763876,0,"High","High","High","High","Moderate","Moderate","High","Not infested"
"32","Beech Fork Lake",24.80414664,23.41273308,30.2567997,45,225,2.949566032,21.03144073,21.03144073,21.03144073,7.321976185,7.321976185,7.321976185,0,"High","Moderate","High","High","High","Moderate","Moderate","Not infested"
"33","Belton Lake",0.494282843,28.40663274,35.73360062,119,225,50.48372521,59.27364731,62.1534729,61.05888249,8.023015022,8.120276451,8.089959949,1,"High","High","High","High","High","High","High","Infested"
"34","Beltzville Lake",26.98522651,21.44556554,28.71169853,45,119,14.61352627,4.726492882,9.751966476,5.816411495,6.282866955,6.956807137,6.546571293,0,"High","Moderate","High","Moderate","High","Moderate","Moderate","Not infested"
"35","Benbrook Lake",15.56706776,28.92566554,35.82780075,225,325,15.20177285,46.91886902,60.99481964,49.20693813,7.880074978,7.962689877,7.925877213,0,"High","High","High","High","High","High","High","Not infested"
"36","Berlin Lake",4.274478645,21.22643344,28.2567997,119,225,20.05483565,44.08935165,90.88049316,66.20044127,7.672967434,7.817713261,7.707842239,1,"High","High","High","High","High","High","High","Infested"
"37","Big Hill Lake",83.71793943,25.57773272,32.38249969,119,225,4.438013095,36.45555878,43.7582016,41.68069112,7.456916809,7.509194374,7.475650299,0,"High","High","High","High","Moderate","Moderate","High","Not infested"
"38","Big Sandy Lake Reservoir",35.97176429,18.42189916,25.89579964,45,119,34.88035415,24.69876099,39.97694397,28.33443513,7.17042017,7.555301666,7.438691182,0,"High","High","High","High","High","High","High","Not infested"
"39","Birch Lake",20.74691319,26.4489994,33.4890976,119,225,4.496244513,28.92921448,33.36762238,30.62075384,7.495365143,7.601885319,7.561288989,0,"High","High","High","High","High","High","High","Not infested"
"40","Black Butte Lake",334.6034734,25.61493238,35.50019836,45,119,17.66007115,34.17088699,37.08063126,34.46266202,7.894135475,7.933789253,7.929812965,0,"High","High","High","High","Low","Low","High","Not infested"
"41","Black Rock Lake",27.06781358,20.8702666,28.36170006,45,119,0.748176345,13.37003136,14.64007473,13.96617416,7.309869289,7.377897739,7.341801011,0,"High","Moderate","High","Moderate","High","Moderate","Moderate","Not infested"
"42","Blue Marsh Lake",63.81647651,22.87143326,29.76910019,45,119,23.06324814,21.90218925,45.59313583,38.1276432,7.37632513,7.739148617,7.626921627,0,"High","High","High","High","Moderate","Moderate","High","Not infested"
"43","Blue Mountain Lake",39.12942397,26.80809911,33.96949768,11,45,12.03856467,2.961881638,4.501394272,3.553072498,6.774472237,6.862382889,6.852058705,0,"High","Moderate","Moderate","Low","High","Low","Low","Not infested"
"44","Blue River Lake",819.6292973,18.84943263,29.01739883,21,45,3.252329432,3.486323595,3.486323595,3.486323595,7.488633156,7.488633156,7.488633156,0,"High","High","Moderate","Low","Low","Low","Low","Not infested"
"45","Blue Springs Lake",1.75,24.8792661,31.25449944,225,325,2.864243178,68.56113434,77.86164093,69.25947586,7.869451046,7.9639678,7.956870878,1,"High","High","High","High","High","High","High","Infested"
"46","Bluestem Lake",79.7296037,23.63253276,30.71309853,119,225,1.037953061,46.98822403,63.47114944,54.05029268,8.232012749,8.450709343,8.357009328,0,"High","High","High","High","Moderate","Moderate","High","Not infested"
"47","Bluestone Lake",69.90799373,21.55876605,28.32309914,45,119,6.483319482,20.0862751,31.31589699,24.55324822,7.446573734,7.624945164,7.590702815,0,"High","High","High","High","Moderate","Moderate","High","Not infested"
"48","Bowman-Haley Lake",208.4226345,19.53409958,28.87879944,400,430,15.88202369,56.87538147,62.40605164,60.73096452,8.641403198,8.643404961,8.642009477,0,"High","High","High","High","Low","Low","High","Not infested"
"49","Branched Oak Lake",62.66864622,23.41473262,30.69769859,119,225,6.733473151,43.72845078,44.17832184,43.96921922,8.2579813,8.265000343,8.261243791,0,"High","High","High","High","Moderate","Moderate","High","Not infested"
"50","Broken Bow Lake",103.4724251,26.38276609,33.75,45,119,55.70278964,1.855795264,9.804823875,5.252479669,6.616222382,6.968116283,6.651327112,0,"High","Moderate","High","Moderate","Moderate","Moderate","Moderate","Not infested"
"51","Brookville Lake",26.94559364,22.98449961,29.82309914,225,325,20.72567873,71.18956757,72.89553833,71.90673767,8.002534866,8.139658928,8.062463518,1,"High","High","High","High","High","High","High","Infested"
"52","Buckhorn Lake",76.11947789,23.2621994,30.14959908,119,225,4.23885491,44.58004379,59.12080383,46.05698457,7.852660179,7.858813286,7.8581883,0,"High","High","High","High","Moderate","Moderate","High","Not infested"
"53","Bull Shoals Lake",0.008480917,24.80443255,32.16749954,119,225,197.5522945,39.36816788,52.32595062,43.85837741,7.84881258,8.077795982,7.926397874,1,"High","High","High","High","High","High","High","Infested"
"54","Burnsville Lake",45.76265825,22.43056615,29.63829994,45,119,3.3496609,12.47964478,14.65015221,14.02597397,7.192238331,7.361061573,7.241635247,0,"High","Moderate","High","Moderate","High","Moderate","Moderate","Not infested"
"55","Burr Oak Reservoir",41.29624787,21.94763311,28.77809906,119,225,2.558109911,48.10213852,60.11242676,49.81548252,6.812790394,7.455320835,7.363659781,0,"High","High","High","High","High","High","High","Not infested"
"56","Caddo Lake",127.3440058,27.76929919,34.4292984,45,119,97.53176463,9.59600544,21.20147324,13.59275819,6.627155304,7.295185089,6.953651312,0,"High","Moderate","High","High","Low","Low","Moderate","Not infested"
"57","Caesar Creek Lake",40.00372344,22.97736613,29.28959846,225,325,10.61468379,65.35790253,70.25201416,66.82702503,8.030593872,8.081276894,8.049935839,1,"High","High","High","High","High","High","High","Infested"
"58","Cagles Mill Lake",23.14707198,22.77423223,29.24879837,225,325,5.921561244,51.85054398,59.73053741,52.02067188,7.902808666,8.206402779,8.202928385,0,"High","High","High","High","High","High","High","Not infested"
"59","Canton Lake",78.01369627,26.6020991,34.64899826,325,400,32.78554922,191.0722198,195.7166595,194.5167467,8.018372536,8.085718155,8.07082548,0,"High","High","High","High","Moderate","Moderate","High","Not infested"
"60","Canyon Lake",25.58611203,28.28773181,35.5583992,119,225,33.64192534,37.41496658,45.1552124,43.08603909,7.797270775,8.012101173,7.99389688,1,"High","High","High","High","High","High","High","Infested"
"61","Carlyle Lake",68.26373757,24.40163294,30.6243,119,325,95.95148418,36.35030365,47.82042313,37.98401535,7.772302628,8.104398727,8.049939693,0,"High","High","High","High","Moderate","Moderate","High","Not infested"
"62","Carr Creek Lake",52.55198911,22.86506653,29.40099907,119,225,2.123374541,42.61341476,49.76968384,43.93382666,8.021130562,8.028672218,8.022522082,0,"High","High","High","High","Moderate","Moderate","High","Not infested"
"63","Carters Lake",71.70387984,24.54789925,30.84269905,21,45,16.59278857,4.386498928,21.99447441,8.18731329,6.998352051,7.270600796,7.072996177,0,"High","Moderate","Moderate","High","Moderate","Moderate","Moderate","Not infested"
"64","Cave Run Lake",56.99572996,23.14686648,30.2410984,119,225,33.04555386,32.78377151,46.27710342,38.89038124,7.239816666,7.397302628,7.37354024,0,"High","Moderate","High","High","Moderate","Moderate","Moderate","Not infested"
"65","Cecil M. Hardin Lake",25.08831665,22.70943197,29.40229988,225,325,8.144613619,62.72286224,68.85600281,64.53463337,7.989880085,8.138622284,8.033819535,0,"High","High","High","High","High","High","High","Not infested"
"66","Center Hill Lake",63.12059366,24.17723274,30.8409996,45,119,69.15538944,25.90940475,48.00333405,31.27789855,7.409806728,7.806638241,7.550549816,0,"High","High","High","High","Moderate","Moderate","High","Not infested"
"67","Charles Mill Lake",11.24764358,21.13026619,28.14849854,119,225,5.273021939,66.48360443,66.48360443,66.48360443,8.007523537,8.007523537,8.007523537,1,"High","High","High","High","High","High","High","Infested"
"68","Chatfield Lake",97.95580173,21.61486562,31.12269974,119,325,20.93165668,26.81015778,77.27701569,72.93497306,7.725935936,7.831520557,7.820830539,0,"High","High","High","High","Moderate","Moderate","High","Not infested"
"69","Cheatham Lake",0.005354284,25.0686334,31.65279961,45,119,23.21417429,34.86343002,53.69496536,43.27500085,7.733234882,7.927473068,7.834728487,1,"High","High","High","High","High","High","High","Infested"
"70","Cherry Creek Lake",104.6430547,21.73800023,31.30589867,225,325,10.59739838,86.35171509,158.7497101,144.3843946,8.071255684,8.074998856,8.07425613,0,"High","High","High","High","Moderate","Moderate","High","Not infested"
"71","Claiborne Lake",98.39188158,26.69749896,33.03139877,45,119,21.09312095,8.514108658,25.36599731,14.00093822,6.933165073,7.251393318,7.091650454,0,"High","Moderate","High","High","Moderate","Moderate","Moderate","Not infested"
"72","Clarence J. Brown Reservoir",50.07445191,22.24119949,28.82979965,225,325,7.866361614,72.97903442,82.25753021,81.55213507,8.079661369,8.08625412,8.080162581,0,"High","High","High","High","High","High","High","Not infested"
"73","Clearwater Lake",108.019639,24.70169957,32.1507988,119,225,6.299622433,21.05931091,21.6403923,21.62811889,7.646022797,7.766830921,7.648403788,0,"High","High","High","High","Moderate","Moderate","High","Not infested"
"74","Clendening Lake",11.0593532,21.94156647,28.78579903,119,225,6.641747008,53.18573761,84.03404236,79.91536552,8.039815903,8.085525513,8.079422645,1,"High","High","High","High","High","High","High","Infested"
"75","Clinton Lake",6.31959493,24.93003273,31.68379974,119,225,31.41280493,52.29604721,66.91999817,53.70491742,7.911762238,8.017626762,7.967250235,1,"High","High","High","High","High","High","High","Infested"
"76","Cochiti Reservoir",311.2756432,23.73273277,33.73220062,45,225,6.350849888,13.56027317,42.41693878,34.30143082,7.944706917,8.09533596,8.011879273,0,"High","High","High","High","Low","Low","High","Not infested"
"77","Coffeeville Lake",46.67185482,26.84353256,33.54100037,45,119,31.9368733,8.360686302,29.66130257,16.92118966,6.871903419,7.382608414,7.102792397,0,"High","Moderate","High","High","High","Moderate","Moderate","Not infested"
"78","Cold Brook Lake",68.24243078,20.90009944,30.72599983,400,430,0.136185789,154.3375397,154.3375397,154.3375397,7.883584499,7.883584499,7.883584499,0,"High","High","High","High","Moderate","Moderate","High","Not infested"
"79","Colebrook River Lake",27.41856352,20.23773321,27.8246994,45,119,2.976752064,6.034318447,9.260145187,8.189412111,7.325839043,7.335128307,7.328922383,0,"High","Moderate","High","Moderate","High","Moderate","Moderate","Not infested"
"80","Columbus Lake",87.64751942,26.91556613,33.25629807,45,119,19.79442883,10.95609951,13.76334858,13.38908651,6.306352139,6.856969833,6.762077064,0,"High","Moderate","High","Moderate","Moderate","Moderate","Moderate","Not infested"
"81","Conchas Reservoir",308.783223,25.68619919,34.76469803,430,779,35.54552759,64.17809296,77.69789886,66.62323472,8.034385681,8.165118217,8.10819679,0,"High","High","High","High","Low","Low","High","Not infested"
"82","Conemaugh River Lake",33.16901307,21.52146657,28.9075985,45,119,27.6777764,27.14179993,37.74288559,33.43182874,6.96471405,7.212456703,7.087794544,0,"High","Moderate","High","High","High","Moderate","Moderate","Not infested"
"83","Conestoga Lake",75.48254614,23.65383275,30.86349869,119,225,0.733875958,45.59005737,45.59005737,45.59005737,8.356627464,8.356627464,8.356627464,0,"High","High","High","High","Moderate","Moderate","High","Not infested"
"84","Copan Lake",46.80618973,26.0255324,33.11639786,119,225,12.99114768,50.44971466,52.03794098,50.85619199,7.599535465,7.731935978,7.685262393,0,"High","High","High","High","High","High","High","Not infested"
"85","Coralville Lake",32.59144213,22.3022995,28.95319939,119,325,20.02203242,66.09051514,68.81484985,68.23676263,7.6432724,7.957480431,7.721435259,0,"High","High","High","High","High","High","High","Not infested"
"86","Cordell Hull Lake",51.27431516,24.50789897,31.32359886,45,119,48.81381525,27.20109558,40.36633301,30.39755257,7.488697529,7.69984436,7.552999262,0,"High","High","High","High","Moderate","Moderate","High","Not infested"
"87","Cottage Grove Lake",773.4122371,18.2123998,27.93249893,21,45,4.187549858,7.037527561,7.18826437,7.188069913,7.521048546,7.608102798,7.52116085,0,"High","High","Moderate","Low","Low","Low","Low","Not infested"
"88","Cottonwood Springs Lake",70.50770102,20.55449931,30.15259933,400,430,0.076571646,244.7322388,244.7322388,244.7322388,8.035322189,8.035322189,8.035322189,0,"High","High","High","High","Moderate","Moderate","High","Not infested"
"89","Cougar Lake",806.6060278,18.75686646,28.63339996,21,45,4.62896448,2.87501812,3.426307678,3.256300826,7.459590435,7.496963501,7.471115553,0,"High","High","Moderate","Low","Low","Low","Low","Not infested"
"90","Council Grove Lake",1.881945099,24.91443316,32.13899994,225,325,10.59526772,63.95056152,72.1717453,67.51488256,7.646739483,7.710046291,7.704944117,1,"High","High","High","High","High","High","High","Infested"
"91","Cowanesque Lake",0.343383209,19.73996607,27.72529984,45,119,4.351658494,19.30939293,30.95413399,23.16523549,7.724599361,7.901341915,7.783122901,1,"High","High","High","High","High","High","High","Infested"
"92","Crooked Creek Lake",11.13725147,21.6595993,29.01509857,45,119,8.067543197,25.44014931,28.59187126,26.74230112,7.324991703,7.602524757,7.50755573,0,"High","High","High","High","High","High","High","Not infested"
"93","Curwensville Lake",74.62791785,20.23286629,27.65479851,45,119,3.127586415,28.53724861,51.58898163,32.29428135,6.36498785,7.044442654,6.552376588,1,"High","Moderate","High","High","Moderate","Moderate","Moderate","Infested"
"94","Dale Hollow Lake",45.18018387,24.05603282,30.76719856,45,119,107.0790584,27.20109558,71.64831543,38.71108029,7.475186825,7.807188511,7.55457434,0,"High","High","High","High","High","High","High","Not infested"
"95","Dardanelle Lake",0.070011079,26.53386625,33.46829987,11,119,105.4120517,5.469906807,26.78554153,9.429919108,6.56673193,6.945202351,6.739455098,1,"High","Moderate","High","High","High","Moderate","Moderate","Infested"
"96","Deer Creek Lake",19.91311363,22.5244325,28.9965992,225,325,5.14091055,56.80410004,66.99465179,59.98541894,7.982264996,8.00063324,7.987999253,0,"High","High","High","High","High","High","High","Not infested"
"97","DeGray Lake",91.70833947,26.40526644,33.2417984,12,150,48.84377668,5.53965807,9.243225098,6.984201752,6.625423431,6.777211189,6.705537081,0,"High","Low","High","Moderate","Moderate","Low","Low","Not infested"
"98","DeGray Reservoir",94.04236997,26.88229942,33.60210037,4.6,11,1.544733857,5.53965807,5.53965807,5.53965807,6.625423431,6.625423431,6.625423431,0,"High","Low","Low","Low","Moderate","Low","Low","Not infested"
"99","Delaware Lake",0.03117142,22.2477328,28.76539993,225,325,4.568974473,66.48748779,72.99585724,71.16016329,7.783391953,7.801635742,7.788537637,1,"High","High","High","High","High","High","High","Infested"
"100","Demopolis Lake",18.67770057,26.78369967,33.06890106,45,119,32.8672948,14.36725807,55.94864655,33.64089182,7.133607864,7.472421646,7.321777385,0,"High","High","High","High","High","High","High","Not infested"
"101","DeQueen Reservoir",127.5199361,26.55606588,33.74839783,45,119,6.807359817,3.55253315,3.983534813,3.56473669,6.701648235,6.808441639,6.704672023,0,"High","Moderate","High","Low","Low","Low","Low","Not infested"
"102","Detroit Lake",874.5862705,17.85586675,28.00519943,21,119,14.95559633,4.645407677,6.429292202,5.194601231,7.452581882,7.583975792,7.521252341,0,"High","High","High","Low","Low","Low","Low","Not infested"
"103","Dewey Lake",36.54006414,23.45573362,29.9762001,119,225,2.866394651,67.19689178,75.82474518,67.78620377,7.744917393,7.87286377,7.753656569,1,"High","High","High","High","High","High","High","Infested"
"104","Dexter Lake",795.3944728,18.12606621,27.49479866,21,45,3.637188531,4.651253223,5.832071304,5.55321837,7.544239044,7.550091743,7.545621173,0,"High","High","Moderate","Low","Low","Low","Low","Not infested"
"105","Dierks Reservoir",129.2704676,26.30016518,33.57040024,21,119,6.114638879,2.660487175,4.013240337,3.063524689,6.706811905,6.784631729,6.770138725,0,"High","Low","High","Low","Low","Low","Low","Not infested"
"106","Dillon Lake",60.15495079,22.24809964,29.16799927,119,225,5.295769973,55.79450607,62.19646454,59.97287498,7.899884224,7.972761631,7.942492324,0,"High","High","High","High","Moderate","Moderate","High","Not infested"
"107","Dorena Lake",779.7676593,18.132466,27.81459999,21,45,6.9031544,6.671765804,7.07981205,6.698139395,7.509969711,7.582135201,7.577470869,0,"High","High","Moderate","Low","Low","Low","Low","Not infested"
"108","Dworshak Reservoir",870.2140294,17.88283285,28.70259857,45,119,66.25305799,9.646560669,12.60787773,10.84978257,7.428610802,7.582644939,7.501174799,0,"High","High","High","Moderate","Low","Low","Moderate","Not infested"
"109","East Branch Clarion River Lake",59.53519423,18.34649976,25.88669968,45,119,5.783658434,9.613534927,9.982453346,9.703335546,6.898211479,7.039205551,6.932531682,0,"High","Moderate","High","Moderate","Moderate","Moderate","Moderate","Not infested"
"110","East Lynn Lake",17.91493462,23.06563314,29.8355999,119,225,4.676033763,17.15635872,34.95953369,18.53750751,7.22013998,7.617903233,7.260832168,0,"High","High","High","High","High","High","High","Not infested"
"111","East Sidney Lake",4.107249339,19.30283292,27.09079933,119,225,0.828389611,8.539322853,8.539322853,8.539322853,7.521576881,7.521576881,7.521576881,0,"High","High","High","Low","High","Low","Low","Not infested"
"112","Eau Galle Reservoir",34.21402558,20.28319995,27.27269936,119,225,0.545736458,28.38291931,28.38291931,28.38291931,8.29535675,8.29535675,8.29535675,0,"High","High","High","High","High","High","High","Not infested"
"113","Edward MacDowell Lake",110.6245619,19.56656583,26.78310013,21,45,0.775953447,1.625959754,1.952144742,1.681640698,6.199970722,6.25701046,6.209707609,0,"High","Low","Moderate","Low","Moderate","Low","Low","Not infested"
"114","El Dorado Lake",3.589104425,25.45223236,32.66479874,119,225,31.89573033,49.75744247,95.4492569,64.5522439,7.632133007,7.677109241,7.641493723,1,"High","High","High","High","High","High","High","Infested"
"115","Elk City Lake",80.27167562,25.74946658,32.63089752,119,225,12.3588862,49.72099686,59.33194351,50.70198165,7.669668198,7.717978001,7.682213347,0,"High","High","High","High","Moderate","Moderate","High","Not infested"
"116","Englebright Lake",269.3222665,23.6822993,33.75,45,119,2.995207025,11.71195793,13.06300068,12.26581726,7.318363667,7.581992149,7.499041925,0,"High","High","High","Moderate","Low","Low","Moderate","Not infested"
"117","Enid Lake",73.42988993,26.44269943,32.80369949,45,119,59.27771123,19.81480026,20.16018295,19.89694948,6.123533249,6.555239201,6.442033815,0,"High","Low","High","High","Moderate","Low","Low","Not infested"
"118","Eufaula Lake",25.04503242,26.82516543,33.62400055,119,225,410.5848676,22.35030556,87.21276855,53.75789855,7.13162899,7.728354454,7.563369358,1,"High","High","High","High","High","High","High","Infested"
"119","F. E. Walter Reservoir",32.72730427,20.02649943,27.19859886,45,119,8.277576126,4.683294296,6.824148655,4.902118602,6.360630512,6.572733879,6.382310349,0,"High","Low","High","Low","High","Low","Low","Not infested"
"120","Fall Creek Lake",795.9321126,18.05896568,27.14349937,21,45,6.947727081,3.977487564,4.651253223,4.642249868,7.544266224,7.550091743,7.550013899,0,"High","High","Moderate","Low","Low","Low","Low","Not infested"
"121","Fall River Lake",59.86967606,25.33826637,32.27349854,119,225,9.589800207,49.59159851,63.65675735,62.82606678,7.701318264,7.796156406,7.767286395,0,"High","High","High","High","Moderate","Moderate","High","Not infested"
"122","Falls Lake",188.6134012,25.01016617,31.86369896,21,45,38.01126744,5.902970791,10.8817234,8.306941734,6.999389648,7.159677029,7.126995684,0,"High","Moderate","Moderate","Moderate","Low","Low","Moderate","Not infested"
"123","Fern Ridge Lake",817.5192522,18.42419942,28.53209877,21,45,36.2382832,13.39523029,24.05370331,14.21784493,7.320212841,7.613269806,7.362052945,0,"High","High","Moderate","High","Low","Low","Moderate","Not infested"
"124","Fishtrap Lake",42.84273006,23.80813281,30.57969856,119,225,4.238154203,63.80194092,89.4551239,76.911993,7.896360874,8.122186661,8.01176908,1,"High","High","High","High","High","High","High","Infested"
"125","Fort Gibson Lake",4.354827433,26.63486608,33.45879745,45,225,68.00478987,36.6346283,42.50098419,39.24311989,7.765706062,8.056354523,7.994635272,1,"High","High","High","High","High","High","High","Infested"
"126","Fort Peck Lake",438.0265595,20.29173215,30.25549889,119,325,983.0937933,29.45593643,175.482605,64.6551502,8.135392189,9.020134926,8.375883851,0,"High","Moderate","High","High","Low","Low","Moderate","Not infested"
"127","Fort Supply Lake",109.5910303,26.19999949,34.47909927,325,400,6.733363708,113.2443695,119.1898041,119.154845,8.127267838,8.180972099,8.127583618,0,"High","High","High","High","Moderate","Moderate","High","Not infested"
"128","Foster Joseph Sayers Reservoir",49.44903881,21.44419924,29.18969917,45,119,7.154197035,32.26147842,36.33480835,32.36393924,7.680389881,7.687063694,7.680557755,0,"High","High","High","High","High","High","High","Not infested"
"129","Foster Lake",849.0550092,17.7847662,27.88150024,21,45,4.257459215,4.932834148,4.932834148,4.932834148,7.518947124,7.518947124,7.518947124,0,"High","High","Moderate","Low","Low","Low","Low","Not infested"
"130","Gainesville Lake",34.67431245,26.83386548,33.00180054,45,119,20.48606323,5.168027401,48.47073364,27.49183482,6.882022858,7.276991367,7.131482,0,"High","Moderate","High","High","High","Moderate","Moderate","Not infested"
"131","George B. Stevenson Reservoir",66.12175715,20.41313299,27.99819946,45,119,0.586228144,6.44344759,7.201299191,7.093034676,6.926514149,7.046030521,6.943587916,0,"High","Moderate","High","Low","Moderate","Low","Low","Not infested"
"132","George W Andrews Lake",288.9027684,27.22786585,33.09359741,45,119,7.002222005,4.642192364,12.83810139,7.285329042,6.791764736,7.065513134,6.914042033,0,"High","Moderate","High","Moderate","Low","Low","Moderate","Not infested"
"133","Georgetown Lake",0.221605461,28.48586591,35.6432991,119,225,4.918152467,53.97224808,55.78472519,55.70632625,7.855588913,7.983204842,7.861108957,1,"High","High","High","High","High","High","High","Infested"
"134","Gillham Lake",120.9723719,26.34213257,33.58670044,21,119,5.598826074,2.660487175,3.518907309,3.18050976,6.706811905,6.785149097,6.738364195,0,"High","Low","High","Low","Moderate","Low","Low","Not infested"
"135","Glenn Cunningham Lake",7.962335242,23.38016637,29.9605999,225,325,1.467167384,74.61626434,74.61626434,74.61626434,8.155124664,8.155124664,8.155124664,1,"High","High","High","High","High","High","High","Infested"
"136","Granger Lake",19.45081167,28.58589935,35.73069763,119,225,17.59476378,57.75297546,60.58927536,57.95508923,7.972332478,7.984246254,7.981326586,1,"High","High","High","High","High","High","High","Infested"
"137","Grapevine Lake",11.98192727,29.16869926,35.59469986,119,225,26.70875457,41.63912201,63.08843994,42.40561937,7.728803158,8.015264511,7.969249152,1,"High","High","High","High","High","High","High","Infested"
"138","Grayson Lake",34.52073045,22.73353259,30.1201992,119,225,4.736364152,17.09281731,51.86906052,26.21538063,7.350964546,7.546416759,7.371798696,0,"High","High","High","High","High","High","High","Not infested"
"139","Great Salt Plains Lake",74.77492165,27.09176636,35.3470993,225,325,35.28522858,268.2249146,411.0088806,339.2882585,8.085569382,8.196111679,8.139133471,0,"High","High","High","High","Moderate","Moderate","High","Not infested"
"140","Green Peter Lake",852.6060418,18.17519919,28.3205986,21,45,14.26686459,4.195045948,4.813190937,4.434955526,7.562173367,7.614922047,7.587070014,0,"High","High","Moderate","Low","Low","Low","Low","Not infested"
"141","Green River Lake",32.10668695,23.89473279,30.47039986,45,119,34.01888349,24.61613846,38.15362167,30.36601059,7.537094593,7.755828857,7.691930718,0,"High","High","High","High","High","High","High","Not infested"
"142","Greers Ferry Lake",50.41478538,25.97979927,32.84469986,21,119,125.7245163,3.407453775,18.12817764,8.563955535,6.521634102,6.89852953,6.642357464,1,"High","Moderate","High","High","High","Moderate","Moderate","Infested"
"143","Grenada Lake",104.6929854,26.22846603,32.57780075,45,119,81.24239628,16.54981232,19.02392578,17.13985639,6.393835545,6.540960312,6.480618207,0,"High","Low","High","High","Moderate","Low","Low","Not infested"
"144","Gull Lake",0.432676871,19.24036662,26.3436985,119,225,45.44660694,29.95734596,40.87174225,30.36764858,7.865368366,7.977565289,7.976888167,1,"High","High","High","High","High","High","High","Infested"
"145","H. V. Eastman Lake",129.5563658,26.1292661,37.07360077,119,225,7.375003433,16.80340195,25.31814957,21.96556238,7.693637371,7.781920433,7.738994814,0,"High","High","High","High","Low","Low","High","Not infested"
"146","Hammond Lake",8.574492433,20.0164992,27.92749977,45,119,2.817382144,22.44171906,22.44171906,22.44171906,7.815954685,7.815954685,7.815954685,0,"High","High","High","High","High","High","High","Not infested"
"147","Harlan County Lake",99.2868196,23.90636635,32.38679886,225,325,54.16316489,99.59506989,115.2145844,113.9225315,8.143605232,8.250047684,8.205703143,0,"High","High","High","High","Moderate","Moderate","High","Not infested"
"148","Harry S. Truman Lake",13.30352487,24.73889987,31.55789948,119,225,197.4874925,47.74150085,161.5301666,84.24864555,6.828723907,7.864789963,7.443830096,0,"High","High","High","High","High","High","High","Not infested"
"149","Hartwell Lake",110.3165365,25.58486621,32.1126976,3,150,233.6040087,1.132626414,4.876302719,2.32441022,6.624082088,6.952702999,6.858955071,0,"High","Moderate","High","Low","Moderate","Low","Low","Not infested"
"150","Hensley Lake",133.9382751,26.40406609,37.15779877,119,225,6.414312051,12.7377739,16.39830589,12.746915,7.731986523,7.815745831,7.740580878,0,"High","High","High","High","Low","Low","High","Not infested"
"151","Heyburn Lake",19.06525569,26.43179957,33.56889725,119,225,3.762047422,44.36788559,51.04111099,44.8912437,7.059123993,7.406956673,7.294976443,0,"High","High","High","High","High","High","High","Not infested"
"152","Highway 75 Reservoir",23.24113971,20.74679947,27.90609932,325,400,5.642853338,126.7486267,126.7486267,126.7486267,8.280340195,8.280340195,8.280340195,0,"High","High","High","High","High","High","High","Not infested"
"153","Hills Creek Lake",758.5911195,17.88000011,27.5970993,21,45,11.05335815,3.041468382,4.376879215,4.133798411,7.507591724,7.630252361,7.520094659,0,"High","High","Moderate","Low","Low","Low","Low","Not infested"
"154","Hillsdale Lake",9.015655351,25.01556587,31.75019836,119,225,17.23302888,41.54830551,48.0312767,44.57605004,7.769767761,7.801737785,7.784810412,1,"High","High","High","High","High","High","High","Infested"
"155","Holmes Lake",62.0180282,23.56979942,30.79959869,119,225,0.20443047,45.22644043,45.22644043,45.22644043,8.233976364,8.233976364,8.233976364,0,"High","High","High","High","Moderate","Moderate","High","Not infested"
"156","Holt Lake",13.27858298,26.61243312,33.24939728,45,119,13.02870596,23.127882,40.13533783,35.61202673,7.301107407,7.396895885,7.334447767,1,"High","Moderate","High","High","High","Moderate","Moderate","Infested"
"157","Homme Lake",48.51996442,19.12923241,26.1792984,325,400,0.780391032,111.6186523,111.6186523,111.6186523,8.302980423,8.302980423,8.302980423,0,"High","High","High","High","High","High","High","Not infested"
"158","Hords Creek Lake",32.44450923,27.32613246,34.89379883,430,779,1.754648609,67.84008789,72.16754913,67.94238142,8.042116165,8.043819427,8.043779165,1,"High","High","High","High","High","High","High","Infested"
"159","Howard A. Hanson Reservoir",1159.278825,15.58929952,23.13489914,21,45,2.704231705,6.097121716,8.26342392,7.358224524,7.419617176,7.485958576,7.452655515,0,"High","High","Moderate","Low","Low","Low","Low","Not infested"
"160","Hugo Lake",93.05291548,27.43576622,34.542099,119,225,46.54179649,21.97244644,32.48669052,28.81889642,7.059056282,7.172519207,7.132926691,0,"High","Moderate","High","High","Moderate","Moderate","Moderate","Not infested"
"161","Hulah Lake",31.98313784,25.90989939,33.00289917,119,225,12.56748202,50.93804932,53.48022079,50.98870688,7.755930901,7.794146061,7.793384552,0,"High","High","High","High","High","High","High","Not infested"
"162","Isabella Lake",287.2740875,26.20039876,36.39339828,119,225,31.31101498,14.17837238,20.11754227,15.37074596,7.871982574,7.926644325,7.885382278,0,"High","High","High","High","Low","Low","High","Not infested"
"163","J. Edward Roush Lake",3.899669068,22.16216596,29.0366993,225,325,3.435904053,62.04758072,73.26959991,68.20485156,7.811058044,7.968485832,7.863211906,0,"High","High","High","High","High","High","High","Not infested"
"164","J. Percy Priest Lake",10.30579091,25.54356639,32.17480087,45,119,57.58363819,49.99020004,67.21499634,54.26462854,7.706941605,7.934174061,7.804396849,0,"High","High","High","High","High","High","High","Not infested"
"165","J. Strom Thurmond Lake",199.161406,26.25126584,33.1086998,3.92,160,284.7165558,2.674862146,12.16527462,3.97496684,6.799856663,7.181149483,6.996885979,0,"High","Moderate","High","Moderate","Low","Low","Moderate","Not infested"
"166","Jennings Randolph Lake",73.09510967,21.3076992,28.84179878,119,225,3.673615135,14.1089983,14.1089983,14.1089983,7.186444759,7.186444759,7.186444759,0,"High","Moderate","High","Moderate","Moderate","Moderate","Moderate","Not infested"
"167","Jim Chapman Lake",54.04513645,27.97776604,34.83060074,119,225,72.72971377,28.18146706,38.57267761,30.89808084,7.691287994,7.883476734,7.796604752,0,"High","High","High","High","Moderate","Moderate","High","Not infested"
"168","Joe Pool Lake",24.50288963,29.0837326,35.86259842,225,325,26.4406035,58.39473724,108.8085022,63.46797775,7.707038879,7.974954605,7.931770953,0,"High","High","High","High","High","High","High","Not infested"
"169","John H. Kerr Reservoir",200.4518417,25.16539955,32.13140106,8,390,200.0988778,7.121334076,32.51261902,10.02095541,6.998753071,7.221227646,7.157825028,0,"High","Moderate","High","High","Low","Low","Moderate","Not infested"
"170","John Martin Reservoir",143.3030452,24.37793287,34.38330078,225,400,45.81410142,126.2906036,196.1147003,154.9220971,8.01498127,8.151309967,8.093558828,0,"High","High","High","High","Low","Low","High","Not infested"
"171","John Redmond Reservoir",4.962772748,25.05936559,31.86520004,225,325,30.23368443,47.1191864,60.66155624,53.29157628,7.641976357,7.67858839,7.669034985,1,"High","High","High","High","High","High","High","Infested"
"172","John W. Flannagan Reservoir",21.67208496,22.00266584,28.51039886,119,225,4.76869954,37.1343956,66.51046753,44.14800999,7.937591553,8.065833092,8.041161594,0,"High","High","High","High","High","High","High","Not infested"
"173","Kanopolis Lake",0.539347938,25.3989989,33.37680054,119,325,15.64685647,65.98677063,87.73995209,82.528966,7.765285015,7.787315369,7.769860724,1,"High","High","High","High","High","High","High","Infested"
"174","Kaw Lake",8.097047996,26.30666606,33.68320084,119,325,68.40508928,55.08027267,69.59986877,60.47096771,7.787084103,8.214552879,8.096232541,1,"High","High","High","High","High","High","High","Infested"
"175","Kettle Creek Lake",67.41538244,20.65826607,28.2363987,45,119,0.534360488,6.44344759,6.44344759,6.44344759,7.046030521,7.046030521,7.046030521,0,"High","Moderate","High","Low","Moderate","Low","Low","Not infested"
"176","Keystone Lake",13.5504764,26.65589968,33.58449936,119,325,90.41614154,43.15883636,70.19613647,52.52297217,7.535499573,7.905189991,7.791000208,1,"High","High","High","High","High","High","High","Infested"
"177","Lac Qui Parle Lake",14.27322468,21.02816582,28.48519897,325,400,25.21964345,102.829895,202.4310913,151.0582812,7.934747696,8.21295929,8.046607484,1,"High","High","High","High","High","High","High","Infested"
"178","Lake Allatoona",110.4095667,25.24586614,31.54589844,4,150,39.16683465,6.12093401,9.947715759,7.512297566,7.110111713,7.257052898,7.136749951,0,"High","Moderate","High","Moderate","Moderate","Moderate","Moderate","Not infested"
"179","Lake Ashtabula",82.90883053,19.29496574,26.4333992,325,400,22.03735503,71.64636993,93.01868439,79.56786271,8.197838783,8.51243782,8.383764496,1,"High","High","High","High","Moderate","Moderate","High","Infested"
"180","Lake Barkley",2.538232982,25.34803263,31.92819977,45,119,183.036373,16.67459869,63.05465317,35.45820982,7.412505627,7.760602474,7.566547693,1,"High","High","High","High","High","High","High","Infested"
"181","Lake Bonneville",975.7946515,18.7101663,28.18839836,45,119,79.98317328,9.906802177,15.95283985,13.61937775,7.539088726,8.023915291,7.742439408,0,"High","High","High","High","Low","Low","High","Not infested"
"182","Lake Bryan",932.0705898,21.38639959,32.21369934,45,225,39.83539546,16.42170715,20.85393143,18.93314477,8.009723663,8.151479721,8.119290509,0,"High","High","High","High","Low","Low","High","Not infested"
"183","Lake Celilo",977.2282859,21.25209936,31.33509827,45,119,36.04678425,11.14473915,17.74632263,15.69140182,7.903737068,8.023915291,7.951455429,0,"High","High","High","High","Low","Low","High","Not infested"
"184","Lake Clementine",237.965493,23.88579941,33.81829834,45,119,0.912792888,5.835015774,7.937664509,7.737213388,7.247445583,7.260978222,7.248735686,0,"High","Moderate","High","Low","Low","Low","Low","Not infested"
"185","Lake Cumberland",68.03679026,23.7614994,30.44669914,45,119,186.43642,12.83834076,59.47094345,31.1660165,5.398816109,7.687070847,7.170852788,1,"High","High","High","High","Moderate","Moderate","High","Infested"
"186","Lake Francis Case",0.54250904,22.06686592,30.6160984,119,325,343.2766534,56.45549393,177.0640411,99.59497029,7.768660545,8.298178673,8.181030134,1,"High","High","High","High","High","High","High","Infested"
"187","Lake Greeson",116.1787807,26.00639915,32.94120026,21,45,28.17046327,3.898343563,9.649703026,5.092430871,6.558825016,6.792150021,6.580910675,0,"High","Low","Moderate","Moderate","Moderate","Low","Low","Not infested"
"188","Lake Herbert G West",952.5180183,21.12896665,32.02959824,45,225,26.74158017,20.85393143,23.22744751,22.3998948,8.084880829,8.147418976,8.122281562,0,"High","High","High","High","Low","Low","High","Not infested"
"189","Lake Kaweah",214.2522832,26.60119883,37.08869934,45,119,7.541809612,7.889212608,10.19009781,10.18461494,7.530526161,7.633499622,7.633254243,0,"High","High","High","Moderate","Low","Low","Moderate","Not infested"
"190","Lake Koocanusa",1028.413746,15.29259936,24.26269913,45,119,116.6853485,27.56703377,35.39423752,31.00935304,7.790669918,8.207449913,8.037811275,0,"High","High","High","High","Low","Low","High","Not infested"
"191","Lake Mendocino",304.308582,21.84823291,33.68859863,45,119,6.895415398,21.17907524,21.17907524,21.17907524,7.695185184,7.695185184,7.695185184,0,"High","High","High","High","Low","Low","High","Not infested"
"192","Lake Merrisach/Arkansas Post Canal/Pool 2",0.060253298,26.86986605,32.6427002,45,119,41.12015427,19.71897507,31.82142639,23.63728975,7.148308754,7.426535606,7.280433532,1,"High","High","High","High","High","High","High","Infested"
"193","Lake Moomaw",114.6867271,21.68146578,28.96239853,45,119,10.25802686,10.20971012,14.91000652,10.90803974,7.293715954,7.869062424,7.363548035,0,"High","High","High","Moderate","Moderate","Moderate","Moderate","Not infested"
"194","Lake O' The Pines",75.14753057,27.84209887,34.65509796,45,119,72.066286,7.602823257,16.14906311,9.070574982,6.906410217,7.21570158,7.06249214,0,"High","Moderate","High","High","Moderate","Moderate","Moderate","Not infested"
"195","Lake Oahe",62.29711782,21.1651001,29.6019001,225,400,1380.296329,42.35832214,265.8457642,106.1088839,7.940740585,8.508785248,8.264561253,0,"High","High","High","High","Moderate","Moderate","High","Not infested"
"196","Lake Okeechobee",844.5908724,27.75979869,33.13579941,45,119,1782.503341,28.71525002,91.04660034,47.27808533,6.768318653,8.262374878,7.867647503,0,"High","High","High","High","Low","Low","High","Not infested"
"197","Lake Ouachita",55.25964904,25.89593315,33.11549759,7,570,154.9842045,5.575945854,19.75166702,10.06991747,6.538874626,6.820134163,6.712971869,0,"High","Moderate","High","High","Moderate","Moderate","Moderate","Not infested"
"198","Lake Pend Oreille",1019.591373,17.93533293,28.27779961,45,119,339.9817829,8.376487732,13.61723995,10.2366037,7.277694225,7.694169998,7.465671012,0,"High","High","High","Moderate","Low","Low","Moderate","Not infested"
"199","Lake Ray Roberts",0.866707337,28.54883258,35.50469971,119,225,110.9468065,34.4748764,59.13786316,39.26586041,7.859384537,8.090094566,7.998062054,1,"High","High","High","High","High","High","High","Infested"
"200","Lake Red Rock",59.22599477,23.02426656,29.68559837,225,325,33.75340584,69.39841461,71.5865097,70.561459,7.414363861,7.923370361,7.698033477,0,"High","High","High","High","Moderate","Moderate","High","Not infested"
"201","Lake Sacajawea",964.5350113,21.24199867,31.77709961,45,225,32.99622612,19.04475021,23.48918724,20.45715128,8.026107788,8.122077942,8.058477262,0,"High","High","High","High","Low","Low","High","Not infested"
"202","Lake Sakakawea",247.1661245,19.29183324,27.4605999,225,400,1208.648418,41.89798737,79.58221436,51.58395839,8.136187553,8.449227333,8.325779672,0,"High","High","High","High","Low","Low","High","Not infested"
"203","Lake Seminole",336.063442,27.77856572,33.60749817,45,119,139.5419937,8.441309929,41.13736725,18.26951103,6.4739151,7.507328033,7.169924889,0,"High","High","High","High","Low","Low","High","Not infested"
"204","Lake Sharpe",0.686105625,21.8427995,30.70079994,225,325,230.9630148,77.19972229,208.95578,120.8706228,8.144512177,8.322422981,8.229065946,1,"High","High","High","High","High","High","High","Infested"
"205","Lake Shelbyville",92.63677072,23.60426648,30.21279907,225,325,43.89775957,52.65465164,71.30561066,62.7774163,7.800922394,7.982788563,7.932528394,0,"High","High","High","High","Moderate","Moderate","High","Not infested"
"206","Lake Sidney Lanier",133.9433102,25.00199954,31.1792984,2,740,165.6288647,2.778914213,11.88037777,7.453004888,6.691716671,6.89822197,6.750103173,0,"High","Moderate","High","Moderate","Low","Low","Moderate","Not infested"
"207","Lake Sonoma",249.2905567,21.75546646,33.17950058,45,119,9.620580504,16.91654778,20.2713089,18.34289804,7.59253788,7.754364967,7.715566138,0,"High","High","High","High","Low","Low","High","Not infested"
"208","Lake Success",229.1684514,26.78249868,37.21619797,119,225,10.04688286,23.14194489,30.42307091,28.19020173,7.820062637,8.005446434,7.885870559,0,"High","High","High","High","Low","Low","High","Not infested"
"209","Lake Texoma",2.402195,27.51446597,34.5401001,119,225,640.7007256,49.50141907,135.9391785,84.34878516,7.827246666,8.071829796,8.014383913,1,"High","High","High","High","High","High","High","Infested"
"210","Lake Traverse",32.00106273,20.49739965,27.68839836,430,779,73.71958754,101.4052811,139.3539734,114.8750347,8.126014709,8.393535614,8.248152974,0,"High","High","High","High","High","High","High","Not infested"
"211","Lake Umatilla",964.3391392,22.24853261,32.57109833,45,119,209.825129,17.74632263,38.03865433,18.9152305,7.898053646,8.291650772,8.18120662,0,"High","High","High","High","Low","Low","High","Not infested"
"212","Lake Wallula",951.3139056,20.75956599,30.60820007,45,119,129.0482427,17.48854256,20.28830528,18.39471137,8.043305397,8.274124146,8.131250415,0,"High","High","High","High","Low","Low","High","Not infested"
"213","Lake Winnibigoshish",2.450193131,18.63946597,25.91069984,119,225,229.9252202,31.67978287,45.32238388,36.26902094,7.605809212,8.138786316,7.979656467,1,"High","High","High","High","High","High","High","Infested"
"214","Laurel River Lake",50.05804005,23.44223277,29.9625988,45,119,23.18047098,13.28224087,26.15528488,16.61998848,6.25850296,7.275822163,6.90844108,0,"High","Moderate","High","High","High","Moderate","Moderate","Not infested"
"215","Lavon Lake",5.025585646,28.2418321,35.14519882,119,225,83.2106185,38.76806641,66.93539429,44.6833003,7.597959042,7.948797703,7.882068789,1,"High","High","High","High","High","High","High","Infested"
"216","Leech Lake",2.457890549,18.67243258,25.80459976,119,225,414.828003,15.47143555,39.29224777,29.73262863,7.708615303,8.136880875,7.941539037,1,"High","High","High","High","High","High","High","Infested"
"217","Leesville Lake",24.7489328,21.78499921,28.48250008,119,225,3.985323057,32.88726425,32.88726425,32.88726425,7.726338863,7.726338863,7.726338863,0,"High","High","High","High","High","High","High","Not infested"
"218","Lewis and Clark Lake",0.132023118,22.44423294,30.08519936,119,325,110.5536074,83.00789642,162.5178528,121.9301408,8.060365677,8.249897003,8.234437883,1,"High","High","High","High","High","High","High","Infested"
"219","Lewisville Lake",0.43768042,28.91483243,35.40100098,119,225,112.1166817,38.63864517,62.50600433,47.22055718,7.809025288,8.105906487,7.968889363,1,"High","High","High","High","High","High","High","Infested"
"220","Littleville Lake",28.15107555,20.49370003,28.30319977,21,45,1.033673005,5.672328949,7.135221481,6.303955297,7.105964184,7.165325165,7.150435197,0,"High","Moderate","Moderate","Low","High","Low","Low","Not infested"
"221","Long Branch Lake",88.61476816,23.8813324,30.9061985,225,325,10.43740615,65.53197479,66.26338959,66.14677532,7.781279087,7.920261383,7.898102522,0,"High","High","High","High","Moderate","Moderate","High","Not infested"
"222","Longview Lake",11.63973213,25.11556625,31.47550011,225,325,3.9437206,68.22135925,69.65671539,68.94198803,7.993783951,8.050534248,8.022275763,0,"High","High","High","High","High","High","High","Not infested"
"223","Lookout Point Lake",782.0237341,17.87813282,26.93649864,21,45,16.92160506,3.975686073,4.949988842,4.809111378,7.486693859,7.566342354,7.561281371,0,"High","High","Moderate","Low","Low","Low","Low","Not infested"
"224","Lost Creek Lake",657.4663835,19.83696683,31.46649933,16,100,12.91316435,5.456830978,6.705320835,5.742180086,7.611443996,7.668282509,7.649590703,0,"High","High","High","Low","Low","Low","Low","Not infested"
"225","Lower Granite Lake",881.6133077,20.77873294,31.08019829,45,119,34.00600013,11.89184952,18.86920929,15.85442683,7.992376804,8.1370821,8.088318019,0,"High","High","High","High","Low","Low","High","Not infested"
"226","Loyalhanna Lake",28.04534234,21.70169957,28.8906002,45,119,8.920998745,28.92919731,37.74288559,31.93783307,7.196520329,7.540838242,7.247182327,0,"High","High","High","High","High","High","High","Not infested"
"227","Lucky Peak Lake",590.8815122,21.31033262,33.04470062,119,225,11.18261839,9.383170128,11.15125084,10.73404689,7.553902149,7.722528458,7.634140603,0,"High","High","High","Moderate","Low","Low","Moderate","Not infested"
"228","Mahoning Creek Lake",17.34059687,20.48339907,27.8436985,45,119,8.786964967,26.55037117,30.53294563,28.5747786,7.279560566,7.447514534,7.388433442,0,"High","High","High","High","High","High","High","Not infested"
"229","Mansfield Hollow Lake",88.32045142,21.20353254,28.1473999,21,45,2.299479659,8.099508286,8.099508286,8.099508286,7.181695461,7.181695461,7.181695461,0,"High","Moderate","Moderate","Low","Moderate","Low","Low","Not infested"
"230","Marion Lake",0.040397326,25.39646594,32.99499893,225,325,24.90569505,120.3056259,188.3729095,127.3841995,7.65030098,7.722448349,7.687216356,1,"High","High","High","High","High","High","High","Infested"
"231","Mark Twain Lake",31.43113763,24.18853251,30.8429985,225,325,78.69432226,56.7781601,86.59707642,71.83306981,7.680747032,7.971784592,7.747726477,0,"High","High","High","High","High","High","High","Not infested"
"232","Marsh Lake",12.06093672,20.84483274,28.07849884,325,400,17.69309852,126.7486267,202.4310913,186.1589385,8.18607235,8.280340195,8.190489726,0,"High","High","High","High","High","High","High","Not infested"
"233","Martins Fork Lake",51.45850414,22.69603284,29.58339882,119,225,1.347047208,30.20841789,30.20841789,30.20841789,7.374040604,7.374040604,7.374040604,0,"High","Moderate","High","High","Moderate","Moderate","Moderate","Not infested"
"234","Melvern Lake",0.804554407,25.08929952,32.01390076,225,325,28.1930636,56.41316605,60.67299652,58.43318795,7.582433701,7.651190281,7.60881973,0,"High","High","High","High","High","High","High","Not infested"
"235","Michael J. Kirwan Reservoir",8.669324526,21.09843318,28.29809952,119,225,12.83085466,44.27135086,83.78356934,45.3611417,7.741312504,7.754245281,7.753374536,1,"High","High","High","High","High","High","High","Infested"
"236","Milford Lake",17.94764451,25.01256625,32.32819748,225,325,67.69086208,46.22270966,107.4324188,69.47594857,8.195177078,8.591170311,8.387303429,1,"High","High","High","High","High","High","High","Infested"
"237","Millwood Lake",170.1228456,27.3842659,34.11589813,45,119,96.81410019,11.23792171,28.42844391,23.43137069,6.888965607,7.062171459,7.04345932,0,"High","Moderate","High","High","Low","Low","Moderate","Not infested"
"238","Mississinewa Lake",32.37394064,22.1364994,28.78139877,225,325,13.96617702,64.61833954,75.97510529,71.83793218,7.859904289,7.978113651,7.930304525,0,"High","High","High","High","High","High","High","Not infested"
"239","Monroe Lake",29.66636795,23.04906591,29.93389893,119,325,43.19380203,27.26369667,41.31912613,32.45626729,7.384362698,7.837110043,7.528042348,0,"High","High","High","High","High","High","High","Not infested"
"240","Mosquito Creek Lake",28.18003607,20.81123288,28.2689991,45,119,43.06656947,38.16358566,47.29798126,44.00785203,7.594634533,7.745176315,7.637726148,1,"High","High","High","High","High","High","High","Infested"
"241","Navarro Mills Lake",55.81467414,28.56389872,35.90010071,119,225,19.14387856,47.82382965,54.77458191,53.4580559,7.987854481,8.049059868,8.03757251,0,"High","High","High","High","Moderate","Moderate","High","Not infested"
"242","New Hogan Lake",152.4519996,24.17079926,35.39500046,45,119,17.34882499,16.25356674,23.1995163,18.38134633,6.797774792,7.075741291,6.882219772,0,"High","Moderate","High","High","Low","Low","Moderate","Not infested"
"243","Nimrod Lake",24.53705458,26.67759959,33.89009857,16,100,11.88583287,2.093454361,3.838038921,2.284376484,6.48993063,6.708957195,6.683447984,0,"High","Low","High","Low","High","Low","Low","Not infested"
"244","Nolin River Lake",62.6728098,23.82296626,30.84029961,119,225,23.17497862,42.18717194,53.59821701,48.59143036,7.651553631,7.883425713,7.823929473,0,"High","High","High","High","Moderate","Moderate","High","Not infested"
"245","Norfork Lake",16.82318186,24.75069873,32.0929985,119,225,84.36464511,33.71546173,44.4288559,36.13619612,7.790620804,8.006549835,7.88293685,0,"High","High","High","High","High","High","High","Not infested"
"246","North Branch of Kokosing River Lake",20.17043288,21.3022995,28.15579987,119,225,0.601399448,59.12705612,59.12705612,59.12705612,7.995231152,7.995231152,7.995231152,0,"High","High","High","High","High","High","High","Not infested"
"247","North Fork of Pound Lake",39.74867225,22.00083351,28.52960014,119,225,0.473286859,34.54589462,34.54589462,34.54589462,7.740002632,7.740002632,7.740002632,0,"High","High","High","High","High","High","High","Not infested"
"248","North Springfield Reservoir",65.57798918,19.78866641,27.52199936,45,119,0.533340055,15.48168755,15.48168755,15.48168755,7.412097931,7.412097931,7.412097931,0,"High","High","High","High","Moderate","Moderate","High","Not infested"
"249","O. C. Fisher Lake",73.51206893,28.06603241,35.44099808,430,779,5.739943054,180.0047302,182.4055786,180.0054815,7.829148769,7.876935005,7.876920051,0,"High","High","High","High","Moderate","Moderate","High","Not infested"
"250","Okatibbee Lake",105.9790698,26.62523206,33.05179977,45,119,15.52627748,12.78825092,16.45289421,14.36831512,6.298490047,6.441754818,6.361263566,0,"High","Low","High","High","Moderate","Low","Low","Not infested"
"251","Old Hickory Lake",15.43024473,25.19963264,31.87039948,45,119,78.51443439,27.81934929,61.87541199,42.23309488,7.501636505,7.973213673,7.796899576,1,"High","High","High","High","High","High","High","Infested"
"252","Olive Creek Lake",84.95616445,23.63489914,30.74549866,119,225,0.47442594,53.07628632,53.07628632,53.07628632,8.370606422,8.370606422,8.370606422,0,"High","High","High","High","Moderate","Moderate","High","Not infested"
"253","Oliver Lake",9.819487309,26.92463239,33.37059784,45,119,2.920786999,14.78190613,30.70261574,18.02001656,7.044845104,7.308829308,7.098536807,1,"High","Moderate","High","High","High","Moderate","Moderate","Infested"
"254","Oologah Lake",33.43740356,25.99803225,33.12179947,119,225,114.6598852,76.92066956,201.4038391,123.6172225,7.589659691,7.905091763,7.819230468,1,"High","High","High","High","High","High","High","Infested"
"255","Optima Lake",211.6720744,25.64453252,34.78730011,325,400,21.40895864,218.2851715,264.4866943,228.5301527,7.922667027,7.967316151,7.957415407,0,"High","High","High","High","Low","Low","High","Not infested"
"256","Orwell Lake",0.258313824,20.29916636,27.12139893,325,400,4.335329844,38.00795746,50.60417938,48.2512114,8.255913734,8.429803848,8.397321262,1,"High","High","High","High","High","High","High","Infested"
"257","Otter Brook Lake",91.28644164,19.58406576,27.1575985,21,45,0.322796315,2.133520365,2.133520365,2.133520365,6.12010479,6.12010479,6.12010479,0,"High","Low","Moderate","Low","Moderate","Low","Low","Not infested"
"258","Ozark Lake",1.025180617,26.21506564,33.22779846,45,119,33.22558677,11.04786777,26.78554153,16.19357144,6.911664009,7.232016563,7.012876969,1,"High","Moderate","High","High","High","Moderate","Moderate","Infested"
"259","Paint Creek Lake",32.42324309,22.60589981,29.17140007,119,225,4.709077242,42.62725067,68.30025482,55.19760019,7.915516376,8.043158531,8.037467132,0,"High","High","High","High","High","High","High","Not infested"
"260","Paintsville Lake",17.00968157,23.30333265,29.96150017,119,225,6.444952071,14.21866417,26.28636551,18.83600767,7.363636971,7.461157322,7.390858255,0,"High","High","High","High","High","High","High","Not infested"
"261","Pat Mayse Lake",70.00969534,27.52093188,34.62220001,119,225,24.03223335,36.96571732,50.52209091,44.11664198,7.409921169,7.66889286,7.602592998,0,"High","High","High","High","Moderate","Moderate","High","Not infested"
"262","Patoka Lake",24.64615806,23.72596614,30.77189827,119,225,35.41273716,29.98075485,54.85995483,40.87434292,7.672430992,8.053992271,7.728587939,0,"High","High","High","High","High","High","High","Not infested"
"263","Pawnee Lake",70.55471129,23.58463287,30.87339973,119,225,6.296513306,36.93670654,36.93670654,36.93670654,8.344866753,8.344866753,8.344866753,0,"High","High","High","High","Moderate","Moderate","High","Not infested"
"264","Perry Lake",18.46767857,25.00229963,31.79339981,119,325,44.45209466,55.61237335,70.9050827,62.32476351,7.916378498,8.290464401,8.199879949,1,"High","High","High","High","High","High","High","Infested"
"265","Philpott Lake",134.4043867,23.79559962,30.77960014,45,119,10.46071086,3.480713606,4.473225117,4.32161154,7.210466385,7.350563526,7.289881693,0,"High","Moderate","High","Low","Low","Low","Low","Not infested"
"266","Piedmont Lake",5.119315383,21.88276609,28.53829956,119,225,9.210143722,130.5288086,216.8743591,153.3291548,7.947605133,8.150444031,8.112089652,1,"High","High","High","High","High","High","High","Infested"
"267","Pine Creek Lake",117.6777865,26.99006589,34.31949997,45,119,20.56596357,8.537277222,13.42807579,11.83625019,6.608828068,6.65034914,6.622342079,0,"High","Low","High","Moderate","Moderate","Low","Low","Not infested"
"268","Pine Flat Lake",179.3796277,26.47136625,37.1128006,45,119,23.71387949,4.946734905,7.076292038,5.746901063,7.338851929,7.577567101,7.474689057,0,"High","High","High","Low","Low","Low","Low","Not infested"
"269","Pine River Reservoir",0.040291869,19.16099993,26.32869911,119,225,58.21612401,23.7326107,31.82668304,31.01596485,7.800736904,8.085788727,8.028348595,1,"High","High","High","High","High","High","High","Infested"
"270","Pipestem Lake",51.7657712,19.63603338,27.0401001,325,400,8.216915298,75.95962524,89.50182343,76.76898311,8.291566849,8.390908241,8.325638901,0,"High","High","High","High","Moderate","Moderate","High","Not infested"
"271","Pleasant Hill Lake",14.07651594,21.10913277,28.10029984,119,225,3.155141084,39.69224548,59.09237671,59.08133509,8.047348976,8.092339516,8.092313909,1,"High","High","High","High","High","High","High","Infested"
"272","Pokegama Lake",3.285903741,18.48019918,25.90749931,119,225,30.56791635,51.83168411,79.56244659,72.54704982,7.675774097,7.913280964,7.777911053,0,"High","High","High","High","High","High","High","Not infested"
"273","Pomme de Terre Lake",40.33959994,24.6358331,31.53819847,119,225,33.54275926,34.65550995,40.54623795,35.91259922,8.044821739,8.173953056,8.127066057,0,"High","High","High","High","High","High","High","Not infested"
"274","Pomona Lake",6.91,25.00359917,31.84329987,225,325,16.87591406,51.70962524,67.20890045,58.56267248,7.605838299,7.72633791,7.618362818,1,"High","High","High","High","High","High","High","Infested"
"275","Pool A (Amory)",92.97907412,26.66999944,33.1004982,45,119,3.015489352,14.14909077,15.23420143,14.40074823,6.461360931,6.631289959,6.591880238,0,"High","Low","High","High","Moderate","Low","Low","Not infested"
"276","Pool B (Wilkins)",76.17910386,26.65276591,33.07870102,45,119,9.287988455,10.60671425,17.8436203,12.20512851,6.155475616,6.611831665,6.26233402,0,"High","Low","High","High","Moderate","Low","Low","Not infested"
"277","Pool C (Fulton)",66.62109476,26.4868323,32.9598999,45,119,5.338658981,17.8436203,19.43641663,19.03290464,6.585225105,6.611831665,6.591965494,0,"High","Low","High","High","Moderate","Low","Low","Not infested"
"278","Pool D (Rankin)",56.37581886,26.48033206,32.98270035,45,119,7.329668868,6.26993084,19.87315941,19.67838838,6.386167049,6.585225105,6.448577681,0,"High","Low","High","High","Moderate","Low","Low","Not infested"
"279","Pool E (Montgomery)",49.49817601,26.32939911,32.79249954,45,119,3.067179744,6.26993084,6.26993084,6.26993084,6.386167049,6.386167049,6.386167049,0,"High","Low","High","Low","High","Low","Low","Not infested"
"280","Proctor Lake",47.28670651,27.93429947,35.53979874,325,430,19.27747206,56.9172554,70.74443054,62.93837916,7.933386803,8.066919327,8.00529345,0,"High","High","High","High","High","High","High","Not infested"
"281","Prompton Lake",44.41566653,19.58529917,26.65719986,45,119,2.222671634,8.194349289,8.513664246,8.346705555,7.293540478,7.295114517,7.294291507,0,"High","Moderate","High","Low","High","Low","Low","Not infested"
"282","R. D. Bailey Lake",54.93051353,23.0844326,29.78209877,119,225,2.203985112,39.77120972,39.77120972,39.77120972,7.677065372,7.677065372,7.677065372,0,"High","High","High","High","Moderate","Moderate","High","Not infested"
"283","R. E. Bob Woodruff Lake",107.2898484,27.24563281,33.18429947,45,119,40.26471817,5.422405243,27.82284164,12.23911809,6.733632565,7.37742281,6.952944182,0,"High","Moderate","High","High","Moderate","Moderate","Moderate","Not infested"
"284","Rathbun Lake",128.2320213,22.8411986,29.45199966,225,325,48.94924108,47.89256668,63.6564064,56.88548429,7.694787979,7.834932804,7.778275287,1,"High","High","High","High","Low","Low","High","Infested"
"285","Raystown Lake",0.107291202,21.85526594,29.23939896,45,225,31.830555,18.95261955,52.68450165,27.17450223,7.580265045,8.11762619,7.834821519,0,"High","High","High","High","High","High","High","Not infested"
"286","Rend Lake",60.71830791,24.72453245,31.28079987,119,225,68.25544216,33.98765182,59.08771515,42.38278584,7.564468861,7.85517931,7.786163811,0,"High","High","High","High","Moderate","Moderate","High","Not infested"
"287","Richard B. Russell Lake",159.6937974,25.82579931,32.78429794,1,72,105.5833519,1.995064259,12.16527462,4.157230298,6.859798908,7.108736038,7.039982235,0,"High","Moderate","Moderate","Moderate","Low","Low","Moderate","Not infested"
"288","Robert S. Kerr Lake",0.997836218,26.79203288,33.82759857,45,225,236.4211294,31.90627289,72.60149384,37.34225703,7.413423538,7.946767807,7.610586514,1,"High","High","High","High","High","High","High","Infested"
"289","Rough River Lake",23.97142204,23.95856603,30.82709885,119,225,20.05521729,32.48179626,60.44417191,41.71296275,7.434587955,7.59452486,7.548957368,0,"High","High","High","High","High","High","High","Not infested"
"290","Rufus Woods Lake",1117.632285,20.5472997,30.3429985,45,119,32.44949822,18.43564034,27.08786392,23.6225231,7.78962183,8.07503891,7.942959277,0,"High","High","High","High","Low","Low","High","Not infested"
"291","Salamonie Lake",12.88395686,22.132466,28.98320007,225,325,11.45260747,60.75363922,67.45909119,63.04412763,7.931750774,8.017508507,8.000437017,0,"High","High","High","High","High","High","High","Not infested"
"292","Sam Rayburn Reservoir",87.39591623,27.71379916,34.50460052,45,119,458.0630673,7.734831333,15.39447975,9.959239539,7.057202816,7.303133011,7.189351023,0,"High","Moderate","High","High","Moderate","Moderate","Moderate","Not infested"
"293","Santa Rosa Reservoir",351.5422777,24.36689885,33.55179977,779,3200,27.66958801,68.59560394,167.4461975,151.6045063,7.975403309,8.132112503,7.988762054,0,"High","High","High","High","Low","Low","High","Not infested"
"294","Sardis Lake Tulsa",60.58076531,26.81899961,34.34899902,119,225,58.81066422,6.977229118,12.15708256,8.573176485,6.715919495,7.015663147,6.900137816,0,"High","Moderate","High","Moderate","Moderate","Moderate","Moderate","Not infested"
"295","Sardis Lake Vicksburg",70.44452402,26.39063263,32.83670044,45,119,159.4988151,17.32510376,19.67761421,18.70655756,5.941014767,6.509735584,6.328138775,0,"High","Low","High","High","Moderate","Low","Low","Not infested"
"296","Savage River Reservoir",71.70516875,20.84939957,28.04430008,119,225,0.886549972,9.348537445,22.69086075,20.79641322,6.568265438,6.626087189,6.617877204,0,"High","Low","High","High","Moderate","Low","Low","Not infested"
"297","Saylorville Lake",67.95882098,22.91886584,29.73689842,225,325,21.4264393,77.06991577,80.81534576,78.14289429,7.911016464,8.186271667,7.976348516,0,"High","High","High","High","Moderate","Moderate","High","Not infested"
"298","Senecaville Lake",28.39271048,21.87129911,28.51239967,119,225,14.06701351,54.97196198,89.10317993,56.35031708,8.025110245,8.132902145,8.128549077,1,"High","High","High","High","High","High","High","Infested"
"299","Shenango River Lake",13.85970217,20.80063311,27.97509956,45,119,36.79241588,28.13467979,38.22908401,32.10933324,7.720961571,7.885478973,7.774310865,0,"High","High","High","High","High","High","High","Not infested"
"300","Skiatook Lake",18.64082666,26.60226568,33.48949814,119,225,42.65707971,33.06014633,45.7766571,38.22955898,7.602925301,7.744153976,7.631630664,1,"High","High","High","High","High","High","High","Infested"
"301","Smithville Lake",26.2,24.14759954,30.85409927,225,325,29.22296734,61.18080139,73.17958069,68.44735639,7.794343472,8.048685074,8.009394417,1,"High","High","High","High","High","High","High","Infested"
"302","Somerville Lake",31.84906233,28.79836528,36.23929977,119,225,46.8199014,27.28464699,30.55098534,28.8384045,7.429699898,7.720894814,7.612375842,0,"High","High","High","High","High","High","High","Not infested"
"303","Stagecoach Lake",67.24172745,23.67749977,30.85169983,119,225,1.777093079,42.7242012,42.7242012,42.7242012,8.184597969,8.184597969,8.184597969,0,"High","High","High","High","Moderate","Moderate","High","Not infested"
"304","Standing Bear Lake",6.799341894,23.42613284,30.04879951,225,325,0.33635752,48.79667664,51.97465134,51.94902251,8.017255783,8.159169197,8.158024734,0,"High","High","High","High","High","High","High","Not infested"
"305","Steinhagen Lake",80.97458269,27.52473323,34.33179855,45,119,37.29929817,5.409175396,8.897350311,6.465832035,6.634868622,6.918807983,6.784461438,0,"High","Moderate","High","Low","Moderate","Low","Low","Not infested"
"306","Stillhouse Hollow Lake",7.976276446,28.49989955,35.74749756,119,225,25.83268399,61.32429504,64.50020599,63.95773391,7.922799587,8.097018242,8.082557126,1,"High","High","High","High","High","High","High","Infested"
"307","Stillwater Lake",30.94792948,18.77393277,25.62689972,45,119,0.501082311,11.20620918,11.45870495,11.44115177,7.303990364,7.320471764,7.30513613,0,"High","Moderate","High","Moderate","High","Moderate","Moderate","Not infested"
"308","Stockton Lake",43.13221499,24.95579974,31.77689934,119,225,105.3484104,56.2549324,63.35357666,58.36948116,7.706810474,7.975917816,7.833790423,0,"High","High","High","High","High","High","High","Not infested"
"309","Stonewall Jackson Lake",25.30115376,21.76436615,28.63049889,45,119,12.52213851,19.20913315,42.7226944,21.54878184,7.103954315,7.580909252,7.16778853,0,"High","High","High","High","High","High","High","Not infested"
"310","Summersville Lake",35.2310047,21.04903221,27.60820007,45,119,11.4828385,11.35377884,41.5212059,15.57508061,6.841309071,7.186860561,7.051362983,0,"High","Moderate","High","High","High","Moderate","Moderate","Not infested"
"311","Surry Mountain Lake",83.89784876,19.88773282,27.65979958,21,45,0.694911674,2.133520365,2.133520365,2.133520365,6.12010479,6.12010479,6.12010479,0,"High","Low","Moderate","Low","Moderate","Low","Low","Not infested"
"312","Sutton Lake",55.62157949,21.86179988,28.93489838,45,119,6.630880618,7.511796474,21.94566154,18.19143618,7.1217556,7.5461092,7.407873296,0,"High","High","High","High","Moderate","Moderate","High","Not infested"
"313","Table Rock Lake",15.85961661,24.66186523,32.2173996,45,225,169.2063761,31.56116104,59.88158798,50.31518086,7.60698843,7.981784821,7.899543041,0,"High","High","High","High","High","High","High","Not infested"
"314","Tappan Lake",9.637986312,21.72776604,28.54859924,119,225,8.652083468,51.96816254,269.7443848,75.09735571,7.739929676,8.028501511,8.023511387,0,"High","High","High","High","High","High","High","Not infested"
"315","Taylorsville Lake",26.84470463,24.26733271,31.08169937,119,225,11.89460636,66.32090759,80.00576019,71.51438663,7.723127842,7.816773891,7.743766018,0,"High","High","High","High","High","High","High","Not infested"
"316","Tenkiller Ferry Lake",10.48806535,26.45766576,33.37509918,45,119,54.72405192,37.33451843,41.656353,39.57948086,7.711754799,7.967421055,7.895529348,0,"High","High","High","High","High","High","High","Not infested"
"317","Tioga Lake",9.704779429,19.79756673,27.72029877,45,119,1.808120706,22.44171906,22.44171906,22.44171906,7.815954685,7.815954685,7.815954685,0,"High","High","High","High","High","High","High","Not infested"
"318","Tionesta Lake",30.92845169,20.05103302,27.65390015,45,119,10.98371363,6.874191284,10.5110302,9.643224683,7.027810574,7.358512402,7.194179957,0,"High","Moderate","High","Moderate","High","Moderate","Moderate","Not infested"
"319","Toronto Lake",51.83619819,25.31806628,32.21260071,119,225,10.05224994,34.9753685,55.66672134,43.76656389,7.471041203,7.601780891,7.53433336,0,"High","High","High","High","Moderate","Moderate","High","Not infested"
"320","Townshend Reservoir",52.04002149,19.50026639,27.23339844,45,119,0.164885197,5.815215588,5.815215588,5.815215588,7.055881977,7.055881977,7.055881977,0,"High","Moderate","High","Low","Moderate","Low","Low","Not infested"
"321","Trinidad Reservoir",124.91683,20.73836644,30.52779961,119,225,5.049380557,39.18779755,50.47496033,41.47782986,8.307159424,8.310622215,8.307861983,0,"High","High","High","High","Moderate","Moderate","High","Not infested"
"322","Tuttle Creek Lake",26.57464823,25.03106562,32.34889984,225,325,43.05633518,66.85461426,89.77547455,71.41054903,7.982141495,8.101894379,8.043656885,1,"High","High","High","High","High","High","High","Infested"
"323","Twin Lakes",77.79218783,23.44293276,30.66129875,119,225,0.866569569,36.93670654,51.53087234,51.29014384,8.251922607,8.344866753,8.253455707,0,"High","High","High","High","Moderate","Moderate","High","Not infested"
"324","Tygart Lake",20.00103848,21.75553258,28.33269882,119,225,14.05885361,33.76060486,126.6158829,92.42325275,6.314536095,7.159239769,7.056901295,0,"High","Moderate","High","High","High","Moderate","Moderate","Not infested"
"325","Upper & Lower Red Lake",40.77041113,18.26553281,25.45209885,119,225,1148.89264,42.35467911,63.34553146,50.2505795,7.422333717,8.164262772,7.950680382,1,"High","High","High","High","High","High","High","Infested"
"326","W. Kerr Scott Reservoir",53.329132,24.18716621,31.13519859,45,119,5.255799243,2.943106651,2.943106651,2.943106651,7.305794239,7.305794239,7.305794239,0,"High","Moderate","High","Low","Moderate","Low","Low","Not infested"
"327","Waco Lake",33.68199411,28.9197998,35.80519867,119,225,34.77057843,51.62179565,60.80633545,53.68045159,7.942399025,8.06899929,8.051420722,1,"High","High","High","High","High","High","High","Infested"
"328","Wagon Train Lake",61.9976576,23.64823341,30.7887001,119,225,0.854612994,42.7242012,57.5547142,50.07740535,8.184597969,8.208452225,8.196425288,0,"High","High","High","High","Moderate","Moderate","High","Not infested"
"329","Wallace Lake",175.1608263,27.92326546,34.40800095,45,119,8.236305056,32.37759399,41.05522919,37.30022803,6.970800877,7.034728527,6.998463759,0,"High","Moderate","High","High","Low","Low","Moderate","Not infested"
"330","Walter F. George Lake",240.0535541,26.89536603,33.21459961,21,119,171.6688236,4.530591488,12.9502449,6.774220098,6.468163967,6.954150677,6.787365321,0,"High","Moderate","High","Moderate","Low","Low","Moderate","Not infested"
"331","Wappapello Lake",75.03103834,25.40859985,32.0909996,119,225,28.94624064,20.48749161,21.99306297,21.71002834,7.893241405,8.000876427,7.972317782,0,"High","High","High","High","Moderate","Moderate","High","Not infested"
"332","Warrior Lake",0.030960566,27.00686582,33.3083992,45,119,22.58564307,6.219641685,33.65223694,13.91231356,6.558558941,7.133607864,6.810103128,1,"High","Moderate","High","High","High","Moderate","Moderate","Infested"
"333","Water Conservation Area Combined",896.890739,28.32446607,32.89849854,45,119,3504.677848,53.09590912,125.5504532,68.3253649,7.165489197,7.684493542,7.350598699,0,"High","High","High","High","Low","Low","High","Not infested"
"334","Waurika Lake",56.18918989,27.90479914,35.63789749,325,400,40.51568554,112.2474976,139.5405273,124.5097561,8.114737511,8.176102638,8.162979562,1,"High","High","High","High","Moderate","Moderate","High","Infested"
"335","Wehrspann Lake",5.582704565,23.50376574,30.21379852,225,325,0.753825489,38.46929169,38.46929169,38.46929169,8.050824165,8.050824165,8.050824165,0,"High","High","High","High","High","High","High","Not infested"
"336","West Fork Lake",16.25878133,23.64726639,30.23199844,225,325,0.733805386,64.85334015,64.85334015,64.85334015,8.029816628,8.029816628,8.029816628,0,"High","High","High","High","High","High","High","Not infested"
"337","West Point Lake",164.9309793,25.96463267,32.62379837,6,200,95.9624818,2.164157152,8.467097282,7.049724974,6.658590317,6.925828457,6.829242852,0,"High","Moderate","High","Low","Low","Low","Low","Not infested"
"338","West Thompson Lake",115.8196301,20.62216568,27.85479927,21,45,0.798291473,8.365344048,8.365344048,8.365344048,6.904885769,6.904885769,6.904885769,0,"High","Moderate","Moderate","Low","Moderate","Low","Low","Not infested"
"339","White River",0.485372145,26.91299884,32.59719849,45,119,3.807410092,23.8482914,31.06183624,25.39684428,7.393151283,7.458068848,7.439562044,0,"High","High","High","High","High","High","High","Not infested"
"340","Whitney Lake",35.17065412,28.76879883,36.08399963,119,325,95.82309019,68.37555695,82.84534454,72.01576,8.041355133,8.184121132,8.122602341,0,"High","High","High","High","High","High","High","Not infested"
"341","Whitney Point Lake",25.47487854,19.66883278,27.06429863,119,225,4.340068399,22.40862274,25.26997375,24.99630512,7.828075409,7.879464626,7.8745496,0,"High","High","High","High","High","High","High","Not infested"
"342","William Dannelly Reservoir",88.47614389,26.79196612,32.99119949,45,119,58.0340811,8.360730171,26.15705872,17.49823447,6.912425041,7.437366009,7.249655279,0,"High","High","High","High","Moderate","Moderate","High","Not infested"
"343","William H Harsha Lake",12.43900954,23.55793254,30.07709885,119,225,8.511772322,50.78187561,66.95967102,53.69955048,7.996319294,8.050900459,8.043865228,0,"High","High","High","High","High","High","High","Not infested"
"344","Wills Creek Lake",44.70340739,21.91043282,28.7356987,119,225,1.67440237,21.99824142,81.63733673,52.22625324,7.024539471,7.72954607,7.530461355,0,"High","High","High","High","High","High","High","Not infested"
"345","Wilson Lake",53.9481039,25.17699877,33.58250046,225,325,35.21173096,159.4790649,193.1159058,181.8672409,7.701107025,7.783226013,7.722166622,1,"High","High","High","High","Moderate","Moderate","High","Infested"
"346","Wister Lake",43.18921106,26.70566622,34.25019836,45,119,12.51810422,4.059743404,11.64597034,7.883324899,6.904047012,7.281337261,7.129380939,0,"High","Moderate","High","Moderate","High","Moderate","Moderate","Not infested"
"347","Woodcock Creek Lake",7.229296135,20.04256566,26.9272995,45,119,2.9893819,20.73286629,24.74352646,20.856234,7.665150166,7.677032471,7.665515665,0,"High","High","High","High","High","High","High","Not infested"
"348","Wright Patman Lake",115.9555302,27.38263257,34.07040024,45,119,99.90842548,22.8751812,32.90398026,28.05770156,6.854924202,7.458619595,7.312025065,0,"High","High","High","High","Moderate","Moderate","High","Not infested"
"349","Yankee Hill Lake",74.74533007,23.69403267,30.87039948,119,225,0.732488673,68.41111755,68.41111755,68.41111755,8.16841507,8.16841507,8.16841507,0,"High","High","High","High","Moderate","Moderate","High","Not infested"
"350","Yatesville Lake",5.974882537,22.89233271,30.06079865,119,225,7.657233222,14.50029945,28.8471508,23.78012874,7.40839386,7.467743397,7.425597828,0,"High","High","High","High","High","High","High","Not infested"
"351","Youghiogheny River Lake",43.23792189,20.1892999,27.39599991,119,225,14.84774309,6.85024929,10.39419174,8.453539497,6.6156497,7.141692162,6.843556146,0,"High","Moderate","High","Moderate","High","Moderate","Moderate","Not infested"
"352","Zorinksy Lake",16.6979571,23.45946566,30.16020012,225,325,0.8710798,38.46929169,38.46929169,38.46929169,8.050824165,8.050824165,8.050824165,1,"High","High","High","High","High","High","High","Infested"
